{"cameraMode":{"drawMode":0,"name":"Shaded","section":"Shading Mode"},"sceneLighting":true,"audioPlay":false,"sceneViewState":{"showFog":true,"showMaterialUpdate":false,"showSkybox":true,"showFlares":true,"showImageEffects":true,"showParticleSystems":true,"showVisualEffectGraphs":true,"m_FxEnabled":true},"in2DMode":false,"pivot":{"x":4.585223197937012,"y":-16.397119522094728,"z":6.712557315826416},"rotation":{"x":0.5001216530799866,"y":0.012986257672309876,"z":-0.0074955131858587269,"w":0.8658148646354675},"size":12.602822303771973,"orthographic":false}