{"cameraMode":{"drawMode":0,"name":"Shaded","section":"Shading Mode"},"sceneLighting":true,"audioPlay":false,"sceneViewState":{"m_AlwaysRefresh":false,"showFog":true,"showSkybox":true,"showFlares":true,"showImageEffects":true,"showParticleSystems":true,"showVisualEffectGraphs":true,"m_FxEnabled":true},"in2DMode":false,"pivot":{"x":3.7219412326812746,"y":6.260562419891357,"z":-11.105192184448243},"rotation":{"x":0.23921731114387513,"y":-0.14873646199703217,"z":0.037093229591846469,"w":0.9588125944137573},"size":1.7320507764816285,"orthographic":false}