{"cameraMode":{"drawMode":0,"name":"Shaded","section":"Shading Mode"},"sceneLighting":true,"audioPlay":false,"sceneViewState":{"m_AlwaysRefresh":false,"showFog":true,"showSkybox":true,"showFlares":true,"showImageEffects":true,"showParticleSystems":true,"showVisualEffectGraphs":true,"m_FxEnabled":true},"in2DMode":false,"pivot":{"x":18.524168014526368,"y":22.38897132873535,"z":-73.35248565673828},"rotation":{"x":-0.0009018804412335157,"y":-0.9939472079277039,"z":0.10927492380142212,"w":-0.008362152613699437},"size":40.92388916015625,"orthographic":false}