{"cameraMode":{"drawMode":0,"name":"Shaded","section":"Shading Mode"},"sceneLighting":true,"audioPlay":false,"sceneViewState":{"showFog":true,"showMaterialUpdate":false,"showSkybox":true,"showFlares":true,"showImageEffects":true,"showParticleSystems":true,"showVisualEffectGraphs":true,"m_FxEnabled":true},"in2DMode":false,"pivot":{"x":18.347801208496095,"y":-18.66759490966797,"z":48.846500396728519},"rotation":{"x":0.27304938435554507,"y":-0.46492141485214236,"z":0.15280623733997346,"w":0.8279719352722168},"size":0.8660253882408142,"orthographic":false}